book_ID,ID,number,createdAt,createdBy,modifiedAt,modifiedBy 
c1111111-1111-1111-1111-111111111111,1,b1111111-1111-1111-1111-111111111111,2025-01-06T08:00:00Z,admin,2025-01-06T08:00:00Z,admin
c2222222-2222-2222-2222-222222222222,2,b1111111-1111-1111-1111-111111111111,2025-01-06T08:05:00Z,admin,2025-01-06T08:05:00Z,admin
c3333333-3333-3333-3333-333333333333,3,b1111111-1111-1111-1111-111111111111,2025-01-06T08:10:00Z,admin,2025-01-06T08:10:00Z,admin
c4444444-4444-4444-4444-444444444444,4,b1111111-1111-1111-1111-111111111111,2025-01-06T08:15:00Z,admin,2025-01-06T08:15:00Z,admin
c5555555-5555-5555-5555-555555555555,5,b1111111-1111-1111-1111-111111111111,2025-01-06T08:20:00Z,admin,2025-01-06T08:20:00Z,admin
c6666666-6666-6666-6666-666666666666,1,b2222222-2222-2222-2222-222222222222,2025-01-06T09:00:00Z,admin,2025-01-06T09:00:00Z,admin
c7777777-7777-7777-7777-777777777777,2,b2222222-2222-2222-2222-222222222222,2025-01-06T09:05:00Z,admin,2025-01-06T09:05:00Z,admin
c8888888-8888-8888-8888-888888888888,3,b2222222-2222-2222-2222-222222222222,2025-01-06T09:10:00Z,admin,2025-01-06T09:10:00Z,admin
c9999999-9999-9999-9999-999999999999,4,b2222222-2222-2222-2222-222222222222,2025-01-06T09:15:00Z,admin,2025-01-06T09:15:00Z,admin
c0000000-0000-0000-0000-000000000000,5,b2222222-2222-2222-2222-222222222222,2025-01-06T09:20:00Z,admin,2025-01-06T09:20:00Z,admin
d1111111-1111-1111-1111-111111111111,1,b3333333-3333-3333-3333-333333333333,2025-01-06T10:00:00Z,admin,2025-01-06T10:00:00Z,admin
d2222222-2222-2222-2222-222222222222,2,b3333333-3333-3333-3333-333333333333,2025-01-06T10:05:00Z,admin,2025-01-06T10:05:00Z,admin
d3333333-3333-3333-3333-333333333333,3,b3333333-3333-3333-3333-333333333333,2025-01-06T10:10:00Z,admin,2025-01-06T10:10:00Z,admin
d4444444-4444-4444-4444-444444444444,4,b3333333-3333-3333-3333-333333333333,2025-01-06T10:15:00Z,admin,2025-01-06T10:15:00Z,admin
d5555555-5555-5555-5555-555555555555,5,b3333333-3333-3333-3333-333333333333,2025-01-06T10:20:00Z,admin,2025-01-06T10:20:00Z,admin
e1111111-1111-1111-1111-111111111111,1,b4444444-4444-4444-4444-444444444444,2025-01-06T11:00:00Z,admin,2025-01-06T11:00:00Z,admin
e2222222-2222-2222-2222-222222222222,2,b4444444-4444-4444-4444-444444444444,2025-01-06T11:05:00Z,admin,2025-01-06T11:05:00Z,admin
e3333333-3333-3333-3333-333333333333,3,b4444444-4444-4444-4444-444444444444,2025-01-06T11:10:00Z,admin,2025-01-06T11:10:00Z,admin
e4444444-4444-4444-4444-444444444444,4,b4444444-4444-4444-4444-444444444444,2025-01-06T11:15:00Z,admin,2025-01-06T11:15:00Z,admin
e5555555-5555-5555-5555-555555555555,5,b4444444-4444-4444-4444-444444444444,2025-01-06T11:20:00Z,admin,2025-01-06T11:20:00Z,admin
f1111111-1111-1111-1111-111111111111,1,b5555555-5555-5555-5555-555555555555,2025-01-06T12:00:00Z,admin,2025-01-06T12:00:00Z,admin
f2222222-2222-2222-2222-222222222222,2,b5555555-5555-5555-5555-555555555555,2025-01-06T12:05:00Z,admin,2025-01-06T12:05:00Z,admin
f3333333-3333-3333-3333-333333333333,3,b5555555-5555-5555-5555-555555555555,2025-01-06T12:10:00Z,admin,2025-01-06T12:10:00Z,admin
f4444444-4444-4444-4444-444444444444,4,b5555555-5555-5555-5555-555555555555,2025-01-06T12:15:00Z,admin,2025-01-06T12:15:00Z,admin
f5555555-5555-5555-5555-555555555555,5,b5555555-5555-5555-5555-555555555555,2025-01-06T12:20:00Z,admin,2025-01-06T12:20:00Z,admin
